{"svm_linear":{"err":0.0245924546},"svm_rbf":{"err":0.0246079801},"rf":{"err":0.0333488589},"knn1":{"err":0.0439217513},"knn5":{"err":0.0351187704},"knn10":{"err":0.03337991}}