{"svm_linear":{"err":0.028109029},"svm_rbf":{"err":0.0088586031},"rf":{"err":0.0161839864},"knn1":{"err":0.0112436116},"knn5":{"err":0.0126064736},"knn10":{"err":0.0137989779}}